pos,expected,found,seq_len,sample_id,GFP_type,aaMutations
238,*,OOB,238,0,amacGFP,*238G
238,*,OOB,238,1,amacGFP,*238L
238,*,OOB,238,2,amacGFP,*238R
238,*,OOB,238,3,amacGFP,*238W
238,*,OOB,238,97,amacGFP,A225T:*238W
238,*,OOB,238,466,amacGFP,C226Y:G227R:*238G
238,*,OOB,238,592,amacGFP,C69S:E141G:F219L:*238G
238,*,OOB,238,597,amacGFP,C69S:F70L:K125E:*238G
238,*,OOB,238,686,amacGFP,D101G:G109W:*238G
238,*,OOB,238,750,amacGFP,D102E:*238G
238,*,OOB,238,1052,amacGFP,D128N:F144S:*238G
238,*,OOB,238,1267,amacGFP,D179V:*238G
238,*,OOB,238,1290,amacGFP,D189E:I196F:*238R
238,*,OOB,238,1328,amacGFP,D189Y:*238R
238,*,OOB,238,1453,amacGFP,D18G:T96S:*238R
238,*,OOB,238,1464,amacGFP,D18H:T58S:*238G
238,*,OOB,238,1509,amacGFP,D18V:*238G
238,*,OOB,238,1751,amacGFP,D20N:F222S:*238R
238,*,OOB,238,1806,amacGFP,D20V:*238G
238,*,OOB,238,1910,amacGFP,D20V:Y65S:E89V:F219L:*238R
238,*,OOB,238,1913,amacGFP,D20Y:*238G
238,*,OOB,238,1974,amacGFP,D233G:*238R
238,*,OOB,238,2124,amacGFP,D35N:E110G:*238G
238,*,OOB,238,2128,amacGFP,D35N:E75V:F113I:G133S:*238G
238,*,OOB,238,2185,amacGFP,D35V:F164L:N197Y:*238R
238,*,OOB,238,2319,amacGFP,D37G:G39S:*238R
238,*,OOB,238,2509,amacGFP,D37V:L59I:T107S:*238G
238,*,OOB,238,2607,amacGFP,E110D:*238L
238,*,OOB,238,2641,amacGFP,E110G:*238R
238,*,OOB,238,2897,amacGFP,E123G:I196T:*238R
238,*,OOB,238,3186,amacGFP,E16D:G34C:R95C:K155N:Y199D:S207R:*238G
238,*,OOB,238,3194,amacGFP,E16D:Q100L:K237N:*238G
238,*,OOB,238,3197,amacGFP,E16G:*238G
238,*,OOB,238,3209,amacGFP,E16G:F219Y:*238G
238,*,OOB,238,3285,amacGFP,E16V:*238R
238,*,OOB,238,3379,amacGFP,E171G:*238G
238,*,OOB,238,3402,amacGFP,E171K:K208N:*238R
238,*,OOB,238,3422,amacGFP,E171V:P186T:L220Q:*238G
238,*,OOB,238,3493,amacGFP,E31D:I92V:I206V:E221V:F222I:*238G
238,*,OOB,238,3587,amacGFP,E31K:A178G:*238G
238,*,OOB,238,3700,amacGFP,E31V:K51M:K78M:*238G
238,*,OOB,238,4068,amacGFP,E33V:T49I:*238G
238,*,OOB,238,4270,amacGFP,E42V:K112E:*238G
238,*,OOB,238,4418,amacGFP,E4D:V11L:F164L:*238G
238,*,OOB,238,4433,amacGFP,E4D:V11L:L68M:D215E:S224C:*238R
238,*,OOB,238,4449,amacGFP,E4G:*238G
238,*,OOB,238,4515,amacGFP,E4G:L59I:*238R
238,*,OOB,238,4578,amacGFP,E4G:V11L:M79K:*238R
238,*,OOB,238,4622,amacGFP,E4K:F7I:V11L:K25E:Y38N:T48A:*238G
238,*,OOB,238,4932,amacGFP,E5D:V11L:*238G
238,*,OOB,238,5038,amacGFP,E5G:V11L:*238G
238,*,OOB,238,5368,amacGFP,E75G:*238R
238,*,OOB,238,5551,amacGFP,E89D:M152L:G159C:*238G
238,*,OOB,238,6023,amacGFP,F144L:*238R
238,*,OOB,238,6071,amacGFP,F144Y:*238G
238,*,OOB,238,6090,amacGFP,F164I:*238R
238,*,OOB,238,6137,amacGFP,F164S:*238G
238,*,OOB,238,6159,amacGFP,F164Y:*238R
238,*,OOB,238,6185,amacGFP,F219Y:*238W
238,*,OOB,238,6208,amacGFP,F223L:*238R
238,*,OOB,238,6285,amacGFP,F26Y:S224G:*238G
238,*,OOB,238,6433,amacGFP,F45Y:H76Y:K104R:E110V:K155M:R210C:*238R
238,*,OOB,238,6495,amacGFP,F70I:P88L:I92T:K237E:*238G
238,*,OOB,238,6787,amacGFP,F7L:N211Y:*238R
238,*,OOB,238,6834,amacGFP,F7L:V11L:I166V:*238R
238,*,OOB,238,6920,amacGFP,F7Y:E131K:H228P:*238G
238,*,OOB,238,6938,amacGFP,F7Y:N148Y:I194V:*238R
238,*,OOB,238,6973,amacGFP,F82I:N148I:K165M:*238R
238,*,OOB,238,7110,amacGFP,F83Y:I196M:*238W
238,*,OOB,238,7170,amacGFP,F98I:N143Y:H230N:*238W
238,*,OOB,238,7379,amacGFP,F99L:V162A:R210L:*238R
238,*,OOB,238,7477,amacGFP,G115C:G174W:*238G
238,*,OOB,238,7484,amacGFP,G115C:M152K:*238R
238,*,OOB,238,7629,amacGFP,G137R:*238G
238,*,OOB,238,7715,amacGFP,G159V:G227R:*238R
238,*,OOB,238,7785,amacGFP,G173V:*238G
238,*,OOB,238,7786,amacGFP,G173V:*238R
238,*,OOB,238,7825,amacGFP,G174W:*238R
238,*,OOB,238,7995,amacGFP,G231V:*238G
238,*,OOB,238,8360,amacGFP,G3D:V11L:K78N:E89K:Q176L:C202R:*238G
238,*,OOB,238,8371,amacGFP,G3R:E33G:N143S:I170F:N197D:F222S:*238G
238,*,OOB,238,8652,amacGFP,G9E:P53S:S207C:*238G
238,*,OOB,238,8661,amacGFP,G9E:V11L:E33D:F98I:*238G
238,*,OOB,238,8704,amacGFP,G9R:E31D:*238G
238,*,OOB,238,8975,amacGFP,H138R:*238G
238,*,OOB,238,9005,amacGFP,H138R:R167S:R214C:*238W
238,*,OOB,238,9117,amacGFP,H168N:L220Q:*238G
238,*,OOB,238,9133,amacGFP,H180N:*238G
238,*,OOB,238,9155,amacGFP,H198Y:*238R
238,*,OOB,238,9367,amacGFP,H22R:E75V:M79I:D101G:*238G
238,*,OOB,238,9437,amacGFP,H22Y:*238G
238,*,OOB,238,9444,amacGFP,H22Y:F164I:*238G
238,*,OOB,238,9473,amacGFP,H230N:*238G
238,*,OOB,238,9474,amacGFP,H230N:*238W
238,*,OOB,238,9601,amacGFP,H24L:Y38H:I92F:L235Q:*238G
238,*,OOB,238,9857,amacGFP,H76R:*238G
238,*,OOB,238,9920,amacGFP,I10F:*238G
238,*,OOB,238,10362,amacGFP,I10V:V11L:R108H:*238R
238,*,OOB,238,10500,amacGFP,I135V:*238R
238,*,OOB,238,10530,amacGFP,I151T:*238G
238,*,OOB,238,10789,amacGFP,I194T:*238G
238,*,OOB,238,10843,amacGFP,I206F:*238G
238,*,OOB,238,10867,amacGFP,I43F:*238G
238,*,OOB,238,10921,amacGFP,I43V:*238R
238,*,OOB,238,10941,amacGFP,I43V:G159V:Q182L:N197D:S201C:F222I:*238G
238,*,OOB,238,11176,amacGFP,I67F:*238G
238,*,OOB,238,11517,amacGFP,I92V:H230N:*238G
238,*,OOB,238,11645,amacGFP,K104M:*238G
238,*,OOB,238,11925,amacGFP,K112M:E114V:*238G
238,*,OOB,238,12019,amacGFP,K112R:M152T:*238R
238,*,OOB,238,12227,amacGFP,K130M:N158I:*238G
238,*,OOB,238,12236,amacGFP,K130N:*238R
238,*,OOB,238,12287,amacGFP,K130R:H138L:*238G
238,*,OOB,238,12420,amacGFP,K155M:*238G
238,*,OOB,238,12443,amacGFP,K155N:G190S:*238G
238,*,OOB,238,12494,amacGFP,K161E:N169Y:Y181H:*238G
238,*,OOB,238,12612,amacGFP,K208I:*238G
238,*,OOB,238,12631,amacGFP,K237M:*238R
238,*,OOB,238,12653,amacGFP,K25E:F129L:A156T:*238G
238,*,OOB,238,12761,amacGFP,K25M:K106M:I170V:*238G
238,*,OOB,238,12960,amacGFP,K2E:I135M:*238R
238,*,OOB,238,12969,amacGFP,K2E:K40M:L187S:*238R
238,*,OOB,238,13262,amacGFP,K2N:V11L:N157S:*238G
238,*,OOB,238,13333,amacGFP,K2R:G3D:V11L:K125E:*238G
238,*,OOB,238,13570,amacGFP,K40N:E141V:G231C:*238G
238,*,OOB,238,13673,amacGFP,K44E:*238R
238,*,OOB,238,13767,amacGFP,K44M:N145S:F219L:*238R
238,*,OOB,238,13983,amacGFP,K51M:*238R
238,*,OOB,238,13984,amacGFP,K51M:*238W
238,*,OOB,238,14339,amacGFP,K78R:N120S:S201I:H230L:*238W
238,*,OOB,238,14348,amacGFP,K78R:Q100L:E123G:*238G
238,*,OOB,238,14365,amacGFP,K78T:*238G
238,*,OOB,238,14467,amacGFP,L136M:Q203L:*238R
238,*,OOB,238,14547,amacGFP,L14M:I15V:T62A:E234G:*238G
238,*,OOB,238,14654,amacGFP,L14R:Q100L:*238R
238,*,OOB,238,14786,amacGFP,L17M:T58A:M217I:*238R
238,*,OOB,238,14816,amacGFP,L187M:*238G
238,*,OOB,238,14826,amacGFP,L187S:*238G
238,*,OOB,238,14841,amacGFP,L187S:Q203R:*238G
238,*,OOB,238,14852,amacGFP,L193P:*238W
238,*,OOB,238,14908,amacGFP,L235I:*238G
238,*,OOB,238,15203,amacGFP,L68S:*238R
238,*,OOB,238,15494,amacGFP,L6R:R72H:M232L:*238G
238,*,OOB,238,15514,amacGFP,M127I:*238R
238,*,OOB,238,15725,amacGFP,M152I:K165Q:D179E:*238W
238,*,OOB,238,15811,amacGFP,M152T:R214L:F223Y:*238R
238,*,OOB,238,15851,amacGFP,M217T:*238R
238,*,OOB,238,15862,amacGFP,M217V:*238G
238,*,OOB,238,15866,amacGFP,M232I:*238R
238,*,OOB,238,16152,amacGFP,M79L:E114G:N143Y:M152K:E221V:D233G:*238G
238,*,OOB,238,16253,amacGFP,M87L:*238G
238,*,OOB,238,16460,amacGFP,N120S:P191T:*238G
238,*,OOB,238,16489,amacGFP,N120Y:Y142F:*238R
238,*,OOB,238,16748,amacGFP,N145D:Y199H:*238G
238,*,OOB,238,16784,amacGFP,N145S:*238G
238,*,OOB,238,16815,amacGFP,N145Y:*238R
238,*,OOB,238,16953,amacGFP,N157K:N158D:*238W
238,*,OOB,238,17014,amacGFP,N158S:D179E:*238G
238,*,OOB,238,17034,amacGFP,N158Y:*238G
238,*,OOB,238,17122,amacGFP,N163Y:I194T:*238G
238,*,OOB,238,17202,amacGFP,N169Y:*238R
238,*,OOB,238,17237,amacGFP,N184S:*238G
238,*,OOB,238,17500,amacGFP,N80Y:*238G
238,*,OOB,238,17510,amacGFP,N80Y:E131V:M152K:E171G:D189N:H228Y:*238G
238,*,OOB,238,17618,amacGFP,P12S:N157S:*238R
238,*,OOB,238,17682,amacGFP,P186L:*238G
238,*,OOB,238,17729,amacGFP,P195S:*238G
238,*,OOB,238,17902,amacGFP,P57T:*238G
238,*,OOB,238,18110,amacGFP,Q100K:*238L
238,*,OOB,238,18344,amacGFP,Q93H:D209V:*238G
238,*,OOB,238,18505,amacGFP,R121C:*238G
238,*,OOB,238,18518,amacGFP,R121H:*238W
238,*,OOB,238,18538,amacGFP,R121L:*238W
238,*,OOB,238,19110,amacGFP,S1G:G190S:*238G
238,*,OOB,238,19139,amacGFP,S1G:M79L:Y91F:F144L:*238R
238,*,OOB,238,19480,amacGFP,S207I:*238R
238,*,OOB,238,19506,amacGFP,S224R:D233G:*238R
238,*,OOB,238,19545,amacGFP,S27C:K155R:G174R:I194F:*238R
238,*,OOB,238,19664,amacGFP,S27G:N148S:*238G
238,*,OOB,238,19897,amacGFP,S64T:V111A:D233V:*238G
238,*,OOB,238,19943,amacGFP,S85T:E171K:H228L:*238G
238,*,OOB,238,20238,amacGFP,T48A:K112R:*238G
238,*,OOB,238,20555,amacGFP,T58A:M77T:P153S:Q203R:*238R
238,*,OOB,238,20564,amacGFP,T58A:R95C:D102G:A156S:*238R
238,*,OOB,238,20727,amacGFP,T61S:E89G:*238R
238,*,OOB,238,20895,amacGFP,T8A:*238G
238,*,OOB,238,21270,amacGFP,T8S:K155M:S207C:E221V:C226Y:*238G
238,*,OOB,238,21372,amacGFP,T8S:V11L:S27C:K51R:G174R:*238G
238,*,OOB,238,21493,amacGFP,T96S:H230N:G231V:*238G
238,*,OOB,238,21763,amacGFP,V11L:*238G
238,*,OOB,238,21764,amacGFP,V11L:*238L
238,*,OOB,238,21765,amacGFP,V11L:*238R
238,*,OOB,238,21766,amacGFP,V11L:*238W
238,*,OOB,238,21901,amacGFP,V11L:A71V:*238G
238,*,OOB,238,22008,amacGFP,V11L:C47S:*238G
238,*,OOB,238,22082,amacGFP,V11L:D101E:*238W
238,*,OOB,238,22213,amacGFP,V11L:D116V:*238W
238,*,OOB,238,22446,amacGFP,V11L:D18A:*238W
238,*,OOB,238,22826,amacGFP,V11L:D35N:M77K:L177F:*238G
238,*,OOB,238,23420,amacGFP,V11L:E16V:H230N:*238G
238,*,OOB,238,23423,amacGFP,V11L:E16V:I170T:*238R
238,*,OOB,238,23503,amacGFP,V11L:E221V:*238R
238,*,OOB,238,23614,amacGFP,V11L:E31V:*238G
238,*,OOB,238,23831,amacGFP,V11L:E42A:*238R
238,*,OOB,238,23841,amacGFP,V11L:E42D:K139R:*238G
238,*,OOB,238,23848,amacGFP,V11L:E42G:*238G
238,*,OOB,238,23908,amacGFP,V11L:E42V:*238R
238,*,OOB,238,24001,amacGFP,V11L:E75G:L193P:*238G
238,*,OOB,238,24031,amacGFP,V11L:E75K:T229I:*238G
238,*,OOB,238,24097,amacGFP,V11L:E89G:*238G
238,*,OOB,238,24160,amacGFP,V11L:E89V:K112E:G172S:Q182L:E221G:E234G:*238G
238,*,OOB,238,24187,amacGFP,V11L:E94G:*238G
238,*,OOB,238,24269,amacGFP,V11L:F113S:F129L:E221V:Y236C:*238G
238,*,OOB,238,24389,amacGFP,V11L:F164L:*238W
238,*,OOB,238,24413,amacGFP,V11L:F164S:R214H:*238G
238,*,OOB,238,24466,amacGFP,V11L:F26L:*238G
238,*,OOB,238,24537,amacGFP,V11L:F45Y:I67T:*238G
238,*,OOB,238,24628,amacGFP,V11L:F70L:N163D:E171D:*238G
238,*,OOB,238,24679,amacGFP,V11L:F82S:K84N:*238G
238,*,OOB,238,24717,amacGFP,V11L:F83S:*238G
238,*,OOB,238,24923,amacGFP,V11L:G133C:*238G
238,*,OOB,238,24932,amacGFP,V11L:G133S:*238R
238,*,OOB,238,24946,amacGFP,V11L:G137E:*238G
238,*,OOB,238,24950,amacGFP,V11L:G137E:H230L:*238R
238,*,OOB,238,25088,amacGFP,V11L:G190S:*238G
238,*,OOB,238,25134,amacGFP,V11L:G227V:*238G
238,*,OOB,238,25221,amacGFP,V11L:G34V:K78N:E141A:D154N:N157D:*238L
238,*,OOB,238,25289,amacGFP,V11L:G66S:F219L:F223Y:*238G
238,*,OOB,238,25449,amacGFP,V11L:H22L:G115S:*238G
238,*,OOB,238,25559,amacGFP,V11L:H230N:*238R
238,*,OOB,238,25572,amacGFP,V11L:H230P:*238R
238,*,OOB,238,25701,amacGFP,V11L:H76L:*238G
238,*,OOB,238,25787,amacGFP,V11L:I122V:F223Y:H230N:*238R
238,*,OOB,238,25877,amacGFP,V11L:I15V:R214H:*238G
238,*,OOB,238,25887,amacGFP,V11L:I15V:Y199N:*238G
238,*,OOB,238,25933,amacGFP,V11L:I194F:*238G
238,*,OOB,238,25990,amacGFP,V11L:I43F:*238R
238,*,OOB,238,26089,amacGFP,V11L:I46T:*238G
238,*,OOB,238,26107,amacGFP,V11L:I46V:*238G
238,*,OOB,238,26130,amacGFP,V11L:I46V:K155R:C226Y:*238G
238,*,OOB,238,26289,amacGFP,V11L:I92T:G227R:*238G
238,*,OOB,238,26407,amacGFP,V11L:K104M:L177I:R210L:*238R
238,*,OOB,238,26501,amacGFP,V11L:K106R:G231S:Y236H:*238G
238,*,OOB,238,26598,amacGFP,V11L:K125E:*238G
238,*,OOB,238,26631,amacGFP,V11L:K125N:*238G
238,*,OOB,238,26640,amacGFP,V11L:K125R:*238R
238,*,OOB,238,26802,amacGFP,V11L:K139R:G231S:*238G
238,*,OOB,238,26917,amacGFP,V11L:K161R:*238G
238,*,OOB,238,26954,amacGFP,V11L:K165N:*238G
238,*,OOB,238,27037,amacGFP,V11L:K25M:*238R
238,*,OOB,238,27128,amacGFP,V11L:K25R:M127V:*238G
238,*,OOB,238,27379,amacGFP,V11L:K51M:*238L
238,*,OOB,238,27695,amacGFP,V11L:L14M:R210H:*238G
238,*,OOB,238,27705,amacGFP,V11L:L14Q:D37G:D116G:N157S:H168L:*238G
238,*,OOB,238,27761,amacGFP,V11L:L160P:*238R
238,*,OOB,238,27765,amacGFP,V11L:L160V:Y181D:H230N:*238R
238,*,OOB,238,27861,amacGFP,V11L:L193Q:*238G
238,*,OOB,238,27986,amacGFP,V11L:L63M:K165M:*238R
238,*,OOB,238,28183,amacGFP,V11L:M152I:*238G
238,*,OOB,238,28269,amacGFP,V11L:M152V:T229N:H230N:*238G
238,*,OOB,238,28283,amacGFP,V11L:M232L:*238R
238,*,OOB,238,28659,amacGFP,V11L:N143H:N158S:N169Y:H230N:*238G
238,*,OOB,238,28677,amacGFP,V11L:N143K:*238G
238,*,OOB,238,28775,amacGFP,V11L:N148D:*238G
238,*,OOB,238,28861,amacGFP,V11L:N157K:H168Y:*238G
238,*,OOB,238,28879,amacGFP,V11L:N157Y:*238R
238,*,OOB,238,29123,amacGFP,V11L:N80D:L136M:N145S:*238G
238,*,OOB,238,29224,amacGFP,V11L:N80Y:L193Q:*238R
238,*,OOB,238,29271,amacGFP,V11L:P12S:Y38F:*238R
238,*,OOB,238,29525,amacGFP,V11L:Q100L:*238G
238,*,OOB,238,29619,amacGFP,V11L:Q176R:L177F:G227V:*238G
238,*,OOB,238,29811,amacGFP,V11L:R29C:*238L
238,*,OOB,238,30061,amacGFP,V11L:S207R:M232I:*238G
238,*,OOB,238,30067,amacGFP,V11L:S224G:E234V:*238G
238,*,OOB,238,30423,amacGFP,V11L:T213A:*238R
238,*,OOB,238,30524,amacGFP,V11L:T49A:*238G
238,*,OOB,238,31023,amacGFP,V11L:V149A:D189Y:*238G
238,*,OOB,238,31048,amacGFP,V11L:V162A:*238G
238,*,OOB,238,31315,amacGFP,V11L:Y142C:*238G
238,*,OOB,238,31319,amacGFP,V11L:Y142C:H230N:*238G
238,*,OOB,238,31362,amacGFP,V11L:Y150F:*238R
238,*,OOB,238,31375,amacGFP,V11L:Y150H:H230Y:*238G
238,*,OOB,238,31404,amacGFP,V11L:Y181F:N197Y:*238W
238,*,OOB,238,31406,amacGFP,V11L:Y181H:*238G
238,*,OOB,238,31451,amacGFP,V11L:Y236C:*238G
238,*,OOB,238,31626,amacGFP,V11L:Y65C:D102G:M127T:*238G
238,*,OOB,238,32273,amacGFP,V13I:Q93L:Y181H:*238G
238,*,OOB,238,32491,amacGFP,V175L:*238G
238,*,OOB,238,32539,amacGFP,V185F:S207N:K237M:*238G
238,*,OOB,238,32566,amacGFP,V192E:*238R
238,*,OOB,238,32595,amacGFP,V218I:*238R
238,*,OOB,238,32628,amacGFP,V21I:*238G
238,*,OOB,238,32915,amacGFP,V60M:M152T:I196V:*238G
238,*,OOB,238,33052,amacGFP,Y142H:M152I:G190S:*238G
238,*,OOB,238,33061,amacGFP,Y142N:D215V:*238G
238,*,OOB,238,33223,amacGFP,Y199N:*238G
238,*,OOB,238,33385,amacGFP,Y38H:G109E:K130R:S146G:*238G
238,*,OOB,238,33634,amacGFP,Y65N:*238G
235,*,OOB,235,85524,cgreGFP,*235G
235,*,OOB,235,86914,cgreGFP,C50S:H176R:F207L:D229V:*235G
235,*,OOB,235,87649,cgreGFP,D23V:*235G
235,*,OOB,235,88643,cgreGFP,D95V:*235G
235,*,OOB,235,89116,cgreGFP,E11K:I30V:D170G:K186R:*235G
235,*,OOB,235,89596,cgreGFP,E193D:*235R
235,*,OOB,235,89685,cgreGFP,E19G:D107N:K167E:*235R
235,*,OOB,235,89777,cgreGFP,E19Q:I44N:E215K:I225M:*235G
235,*,OOB,235,89842,cgreGFP,E19V:K45E:K162Q:E192D:*235R
235,*,OOB,235,90228,cgreGFP,E223K:A227S:*235G
235,*,OOB,235,90775,cgreGFP,E5D:F10L:T51S:D103G:R180C:D194N:D212V:V224A:E231G:T232N:Y233V:R234P:*235L
235,*,OOB,235,90856,cgreGFP,E5G:*235W
235,*,OOB,235,91014,cgreGFP,E5K:D54V:V141I:*235W
235,*,OOB,235,92309,cgreGFP,G117S:*235G
235,*,OOB,235,92615,cgreGFP,G208C:*235W
235,*,OOB,235,93097,cgreGFP,G37C:P77L:N135Y:*235G
235,*,OOB,235,93098,cgreGFP,G37C:P89H:N121Y:H144N:A179G:*235G
235,*,OOB,235,94192,cgreGFP,I14T:F100Y:Y106F:*235W
235,*,OOB,235,95196,cgreGFP,I31F:K45R:C50R:Q105L:D229N:*235G
235,*,OOB,235,95379,cgreGFP,I44F:T87I:*235G
235,*,OOB,235,95396,cgreGFP,I44M:T61A:N185S:H218Q:E231G:*235G
235,*,OOB,235,95777,cgreGFP,I49V:*235R
235,*,OOB,235,98197,cgreGFP,K32M:*235R
235,*,OOB,235,98422,cgreGFP,K45E:D95V:R96C:F184I:H218N:*235R
235,*,OOB,235,98432,cgreGFP,K45E:G53R:H176Q:*235R
235,*,OOB,235,98546,cgreGFP,K45N:*235G
235,*,OOB,235,98666,cgreGFP,K45R:N158Y:*235G
235,*,OOB,235,98757,cgreGFP,K47M:G69S:N116D:R180C:*235W
235,*,OOB,235,98785,cgreGFP,K47R:D210E:*235G
235,*,OOB,235,99764,cgreGFP,L197V:*235G
235,*,OOB,235,99870,cgreGFP,L219F:*235G
235,*,OOB,235,100696,cgreGFP,L9P:T124I:*235R
235,*,OOB,235,101470,cgreGFP,M27V:F71S:F100S:L119Q:Y165H:N185Y:K209I:D212N:E231G:T232N:Y233V:R234P:*235L
235,*,OOB,235,101645,cgreGFP,N102S:H199Y:T205A:*235W
235,*,OOB,235,102877,cgreGFP,P77H:*235G
235,*,OOB,235,102892,cgreGFP,P77L:N135D:P211H:*235G
235,*,OOB,235,103032,cgreGFP,Q105R:*235R
235,*,OOB,235,103970,cgreGFP,S132L:Y198H:T232N:Y233V:R234P:*235L
235,*,OOB,235,105820,cgreGFP,T205A:L230F:*235W
235,*,OOB,235,105846,cgreGFP,T220A:*235W
235,*,OOB,235,105859,cgreGFP,T232A:*235G
235,*,OOB,235,105945,cgreGFP,T36A:T40N:D212N:*235R
235,*,OOB,235,106087,cgreGFP,T36S:N102D:T124A:G175S:T202K:K226R:*235W
235,*,OOB,235,106107,cgreGFP,T36S:S93N:L230F:*235R
235,*,OOB,235,107660,cgreGFP,T87S:F184I:L230S:*235G
235,*,OOB,235,107751,cgreGFP,V108E:P187A:*235R
235,*,OOB,235,108475,cgreGFP,V70A:N102I:H200L:*235G
235,*,OOB,235,109083,cgreGFP,Y143N:L153F:*235G
235,*,OOB,235,109147,cgreGFP,Y151H:Y165F:E223V:*235W
235,*,OOB,235,109488,cgreGFP,Y16N:I49F:A60P:K75E:L142S:*235C
235,*,OOB,235,109506,cgreGFP,Y195F:*235R
235,*,OOB,235,110032,cgreGFP,Y92F:M172V:L197P:*235R
222,*,OOB,222,110092,ppluGFP,*222C
222,*,OOB,222,110093,ppluGFP,*222G
222,*,OOB,222,110094,ppluGFP,*222L
222,*,OOB,222,110095,ppluGFP,*222M
222,*,OOB,222,110096,ppluGFP,*222R
222,*,OOB,222,110097,ppluGFP,*222W
222,*,OOB,222,111524,ppluGFP,D146V:F193I:*222R
222,*,OOB,222,111644,ppluGFP,D170G:*222G
222,*,OOB,222,112537,ppluGFP,E198G:*222G
222,*,OOB,222,112597,ppluGFP,E19G:*222G
222,*,OOB,222,112753,ppluGFP,E19Q:*222C
222,*,OOB,222,112813,ppluGFP,E204K:*222G
222,*,OOB,222,113466,ppluGFP,E29G:A178G:*222W
222,*,OOB,222,113510,ppluGFP,E29G:G80C:A136S:Q211H:*222W
222,*,OOB,222,114115,ppluGFP,E6V:G23E:E25V:F113L:F167S:Q185K:A192V:*222R
222,*,OOB,222,114171,ppluGFP,E6V:N202S:*222W
222,*,OOB,222,114183,ppluGFP,E6V:R108H:V208A:*222G
222,*,OOB,222,114432,ppluGFP,E70K:V208D:*222G
222,*,OOB,222,114437,ppluGFP,E70K:Y82F:*222R
222,*,OOB,222,114813,ppluGFP,F100L:*222G
222,*,OOB,222,115262,ppluGFP,F120Y:*222W
222,*,OOB,222,115301,ppluGFP,F127Y:*222R
222,*,OOB,222,115373,ppluGFP,F153L:*222G
222,*,OOB,222,115390,ppluGFP,F153L:G188S:*222R
222,*,OOB,222,115705,ppluGFP,F167Y:*222G
222,*,OOB,222,115740,ppluGFP,F18I:*222R
222,*,OOB,222,116009,ppluGFP,F214I:*222W
222,*,OOB,222,116011,ppluGFP,F214L:*222S
222,*,OOB,222,116253,ppluGFP,F59L:N78D:*222W
222,*,OOB,222,116288,ppluGFP,F59L:Y69F:T216S:*222G
222,*,OOB,222,116393,ppluGFP,F62I:*222G
222,*,OOB,222,116448,ppluGFP,F62L:*222G
222,*,OOB,222,117043,ppluGFP,G145A:*222R
222,*,OOB,222,117203,ppluGFP,G15C:F167L:*222R
222,*,OOB,222,117524,ppluGFP,G187C:*222G
222,*,OOB,222,117726,ppluGFP,G23E:Y69H:*222W
222,*,OOB,222,119429,ppluGFP,G80S:F220L:*222W
222,*,OOB,222,120130,ppluGFP,H53D:K114R:N202Y:*222G
222,*,OOB,222,120531,ppluGFP,H75N:S152T:*222W
222,*,OOB,222,120732,ppluGFP,H97L:*222G
222,*,OOB,222,121357,ppluGFP,I132V:*222R
222,*,OOB,222,121913,ppluGFP,I77L:S152L:*222G
222,*,OOB,222,122685,ppluGFP,K114R:*222W
222,*,OOB,222,123350,ppluGFP,K36R:G119D:*222G
222,*,OOB,222,123472,ppluGFP,K36R:Y65F:*222G
222,*,OOB,222,124497,ppluGFP,K4R:E17G:K130E:*222R
222,*,OOB,222,124823,ppluGFP,K89R:M173L:*222G
222,*,OOB,222,124890,ppluGFP,L13M:H75L:T216M:*222G
222,*,OOB,222,124938,ppluGFP,L141F:*222G
222,*,OOB,222,125082,ppluGFP,L184P:*222Y
222,*,OOB,222,125154,ppluGFP,L20F:*222R
222,*,OOB,222,125286,ppluGFP,L50M:*222G
222,*,OOB,222,125477,ppluGFP,L74I:M190L:R195C:*222G
222,*,OOB,222,125876,ppluGFP,M173L:*222G
222,*,OOB,222,128198,ppluGFP,N202Y:*222C
222,*,OOB,222,129735,ppluGFP,N84S:D146N:*222G
222,*,OOB,222,129899,ppluGFP,P143Q:*222R
222,*,OOB,222,130022,ppluGFP,P181T:*222G
222,*,OOB,222,130893,ppluGFP,Q30H:H75Q:*222G
222,*,OOB,222,131190,ppluGFP,Q30R:T45S:E139D:*222W
222,*,OOB,222,132484,ppluGFP,R8C:*222G
222,*,OOB,222,133135,ppluGFP,S152L:K215E:*222G
222,*,OOB,222,133369,ppluGFP,S177G:*222G
222,*,OOB,222,133401,ppluGFP,S177N:Q211R:*222G
222,*,OOB,222,133454,ppluGFP,S182R:*222W
222,*,OOB,222,133498,ppluGFP,S39F:*222W
222,*,OOB,222,134770,ppluGFP,T128K:H140R:*222W
222,*,OOB,222,134837,ppluGFP,T12A:*222R
222,*,OOB,222,135343,ppluGFP,T203A:*222C
222,*,OOB,222,135378,ppluGFP,T216D:P217A:I218H:A219C:A221R:*222M
222,*,OOB,222,135747,ppluGFP,T27S:T40I:H200N:F220Y:*222W
222,*,OOB,222,136747,ppluGFP,T64S:*222C
222,*,OOB,222,139016,ppluGFP,V54A:G80C:*222G
222,*,OOB,222,139476,ppluGFP,Y102C:*222W
222,*,OOB,222,139539,ppluGFP,Y102H:A221R:*222M
222,*,OOB,222,140159,ppluGFP,Y57C:Y60C:L184Q:N202I:*222G
222,*,OOB,222,140542,ppluGFP,Y60H:H75Y:*222G
222,*,OOB,222,141142,ppluGFP,Y69N:*222G
